Timestamp,Open,High,Low,Close,Volume_(BTC),Volume_(Currency),Weighted_Price
1325317920,4.39,4.39,4.39,4.39,0.45558087,2.000000019,4.39
1325346600,4.39,4.39,4.39,4.39,48,210.72,4.39
1325350740,4.5,4.57,4.5,4.57,37.86229723,171.3803375,4.526411498
1325350800,4.58,4.58,4.58,4.58,9,41.22,4.58
1325391360,4.58,4.58,4.58,4.58,1.502,6.87916,4.58
1325431680,4.84,4.84,4.84,4.84,10,48.4,4.84
1325457900,5,5,5,5,10.1,50.5,5
1325534640,5,5,5,5,19.048,95.24,5
1325591100,5.32,5.32,5.32,5.32,2.41917293,12.86999999,5.32
1325600520,5.14,5.14,5.14,5.14,0.68,3.4952,5.14
1325602440,5.26,5.26,5.26,5.26,29.31939163,154.22,5.26
1325604720,5.29,5.29,5.29,5.29,29.30245747,155.01,5.29
1325610600,5.29,5.29,5.29,5.29,11.28544423,59.69999998,5.29
1325610840,5.14,5.14,5.14,5.14,0.02,0.1028,5.14
1325611560,5.29,5.29,5.29,5.29,11,58.19,5.29
1325611620,5.29,5.29,5.29,5.29,4.01081466,21.21720955,5.29
1325650620,4.93,4.93,4.93,4.93,2.32,11.4376,4.93
1325653500,4.93,4.93,4.93,4.93,9.68,47.7224,4.93
1325680860,5.19,5.19,5.19,5.19,2.6416185,13.71000002,5.19
1325681820,5.19,5.19,5.19,5.19,8.72447013,45.27999998,5.19
1325691540,5.19,5.19,5.19,5.19,16.34472603,84.8291281,5.19
1325692380,5.32,5.32,5.32,5.32,0.18609023,0.990000024,5.32
1325692440,5.32,5.32,5.32,5.32,10.39473684,55.29999999,5.32
1325692800,5.36,5.37,5.36,5.37,13.62942272,73.06000001,5.360461812
1325699460,5.37,5.57,5.37,5.57,43.31219578,235.7470694,5.442972011
1325727600,5.72,5.72,5.72,5.72,5,28.6,5.72
1325735520,5.75,5.75,5.75,5.75,5.2,29.9,5.75
1325747940,5.75,5.79,5.75,5.79,14.8,85.5,5.777027027
1325753880,6,6,6,6,2.23666667,13.42000002,6
1325754180,6,6,6,6,0.1684827,1.0108962,6
1325756880,6.15,6.15,6.15,6.15,10,61.5,6.15
1325758080,6.19,6.19,6.19,6.19,0.57189015,3.540000029,6.19
1325758200,6.19,6.23,6.19,6.23,16,99.2857189,6.205357431
1325760480,6.23,6.25,6.23,6.25,14,87.42,6.244285714
1325762400,6.46,6.46,6.46,6.46,0.77399381,5.000000013,6.46
1325762460,6.46,6.46,6.46,6.46,0.17801857,1.149999962,6.46
1325762880,6.43,6.43,6.43,6.43,0.31104199,1.999999996,6.43
1325768820,6.44,6.44,6.44,6.44,0.31055901,2.000000024,6.44
1325770680,6.43,6.43,6.43,6.43,0.46656299,3.000000026,6.43
1325773860,6.42,6.42,6.42,6.42,0.31152648,2.000000002,6.42
1325803800,6.43,6.43,6.43,6.43,0.31152648,2.003115266,6.43
1325806500,6.44,6.44,6.44,6.44,0.46656299,3.004665656,6.44
1325806740,6.47,6.47,6.47,6.47,0.95201238,6.159520099,6.47
1325806860,6.65,6.65,6.65,6.65,20.77744361,138.17,6.65
1325806980,6.65,6.65,6.65,6.65,1.46627565,9.750733073,6.65
1325807160,6.65,6.65,6.65,6.65,0.49926578,3.320117437,6.65
1325829720,6.65,6.65,6.65,6.65,1.42549766,9.479559439,6.65
1325829840,6.69,6.73,6.69,6.73,6.31,42.36385832,6.713765186
1325856000,6.8,6.9,6.8,6.9,9.31055901,63.61180127,6.832221481
1325863260,6.76,6.76,6.76,6.76,0.29585799,2.000000012,6.76
1325864160,6.5,6.5,6.5,6.5,0.5,3.25,6.5
1325864220,6.49,6.49,6.49,6.49,1.54083205,10.00000001,6.49
1325867820,6.4,6.4,6.4,6.4,0.5,3.2,6.4
1325872740,6.4,6.4,6.4,6.4,1.55038759,9.922480576,6.4
1325872800,6.4,6.4,6.4,6.4,0.83875968,5.368061952,6.4
1325875320,6.4,6.4,6.4,6.4,9.11085273,58.30945747,6.4
1325881080,6.3,6.3,6.3,6.3,0.5,3.15,6.3
1325881140,6.2,6.2,6.2,6.2,0.5,3.1,6.2
1325881260,6.1,6.1,6.1,6.1,0.5,3.05,6.1
1325881320,6,6,6,6,1,6,6
1325960040,6.8,6.8,6.8,6.8,0.29585799,2.011834332,6.8
1326032400,6.9,6.9,6.9,6.9,4,27.6,6.9
1326065460,7,7,7,7,1,7,7
1326084000,6.99,6.99,6.9,6.9,5,34.69854,6.939708
1326110640,6.9,6.9,6.9,6.9,7.04348837,48.60006975,6.9
1326110760,6.9,6.9,6.9,6.9,1.46842878,10.13215858,6.9
1326110820,6.9,6.9,6.9,6.9,1.47275405,10.16200295,6.9
1326110880,6.9,6.9,6.9,6.9,1.52207002,10.50228314,6.9
1326110940,6.9,6.9,6.9,6.9,0.69925878,4.824885582,6.9
1326111300,6.5,6.5,6.5,6.5,1.5600624,10.1404056,6.5
1326111360,6.5,6.5,6.5,6.5,1.5600624,10.1404056,6.5
1326111420,6.5,6.5,6.5,6.5,1.56985871,10.20408162,6.5
1326111480,6.5,6.5,6.5,6.5,1.5576324,10.1246106,6.5
1326111540,6.5,6.5,6.5,6.5,1.56494523,10.172144,6.5
1326111600,6.5,6.5,6.5,6.5,1.54559505,10.04636783,6.5
1326111840,6.5,6.5,6.5,6.5,13.6,88.4,6.5
1326115560,6.58,6.58,6.58,6.58,1.51975684,10.00000001,6.58
1326115620,6.6,6.6,6.6,6.6,1.48024316,9.769604856,6.6
1326115680,6.6,6.6,6.6,6.6,0.8,5.28,6.6
1326115980,6.57,6.57,6.57,6.57,0.76103501,5.000000016,6.57
1326117480,6.5,6.5,6.5,6.5,0.04184381,0.271984765,6.5
1326119580,6.6,6.6,6.6,6.6,1.51515152,10.00000003,6.6
1326122760,6.6,6.6,6.6,6.6,1.51515152,10.00000003,6.6
1326122820,6.6,6.6,6.6,6.6,1.51515152,10.00000003,6.6
1326122880,6.6,6.6,6.6,6.6,1.51515152,10.00000003,6.6
1326123780,6.6,6.6,6.6,6.6,1.51745068,10.01517449,6.6
1326124560,6.6,6.6,6.6,6.6,1.51515152,10.00000003,6.6
1326124680,6.6,6.6,6.6,6.6,1.51515152,10.00000003,6.6
1326124800,6.6,6.6,6.6,6.6,1.51515152,10.00000003,6.6
1326124980,6.6,6.6,6.6,6.6,1.51515152,10.00000003,6.6
1326125040,6.6,6.6,6.6,6.6,1.51515152,10.00000003,6.6
1326125160,6.6,6.6,6.6,6.6,1.51515152,10.00000003,6.6
1326129120,6.36,6.36,6.36,6.36,0.31446541,2.000000008,6.36
1326130020,6.38,6.38,6.38,6.38,0.55799373,3.559999997,6.38
1326132180,6.49,6.49,6.49,6.49,0.56086287,3.640000026,6.49
1326132300,6.48,6.48,6.48,6.48,1,6.48,6.48
1326138120,6.35,6.35,6.35,6.35,1,6.35,6.35
1326138240,6.23,6.23,6.23,6.23,1,6.23,6.23
1326149820,6.3,6.3,6.3,6.3,1,6.3,6.3
1326189360,6.24,6.24,6.24,6.24,3.2051282,19.99999997,6.24
1326189420,6.24,6.24,6.24,6.24,1.6025641,9.999999984,6.24
1326189480,6.24,6.24,6.24,6.24,1.6025641,9.999999984,6.24
1326189540,6.24,6.24,6.24,6.24,1.6025641,9.999999984,6.24
1326189600,6.24,6.24,6.24,6.24,1.2371795,7.72000008,6.24
1326192120,6.4,6.4,6.4,6.4,1,6.4,6.4
1326200400,6.54,6.54,6.54,6.54,1,6.54,6.54
1326200460,6.54,6.54,6.54,6.54,1.52905199,10.00000002,6.54
1326200520,6.54,6.54,6.54,6.54,1.52905199,10.00000002,6.54
1326200580,6.54,6.54,6.54,6.54,1.52905199,10.00000002,6.54
1326200640,6.54,6.54,6.54,6.54,1.53846154,10.06153847,6.54
1326200700,6.54,6.54,6.54,6.54,1.53846154,10.06153847,6.54
1326201000,6.54,6.54,6.54,6.54,1.52905199,10.00000002,6.54
1326201060,6.54,6.54,6.54,6.54,1.52905199,10.00000002,6.54
1326201120,6.54,6.54,6.54,6.54,1.52905199,10.00000002,6.54
1326201360,6.54,6.54,6.54,6.54,0.32568807,2.129999978,6.54
1326207300,6.55,6.55,6.55,6.55,0.56086287,3.673651799,6.55
1326207600,6.55,6.55,6.55,6.55,1.52671756,10.00000002,6.55
1326208620,6.55,6.55,6.55,6.55,10.14,66.417,6.55
1326208860,6.7,6.7,6.7,6.7,0.76103501,5.098934567,6.7
1326208920,6.7,6.7,6.7,6.7,1.5037594,10.07518798,6.7
1326208980,6.7,6.7,6.7,6.7,1.5128593,10.13615731,6.7
1326209040,6.7,6.7,6.7,6.7,7.6528593,51.27415731,6.7
1326210060,6.55,6.55,6.55,6.55,1.52905199,10.01529054,6.55
1326210240,6.55,6.55,6.55,6.55,1.53139357,10.03062788,6.55
1326219120,7.1,7.1,7.1,7.1,4,28.4,7.1
1326219180,7.1,7.1,7.1,7.1,1.51057402,10.72507554,7.1
1326219240,7.1,7.1,7.1,7.1,1.51057402,10.72507554,7.1
1326219300,7.1,7.1,7.1,7.1,0.12533083,0.889848893,7.1
1326236220,7.14,7.14,7.14,7.14,4.59803922,32.83000003,7.14
1326265500,7.14,7.14,7.14,7.14,1.40196078,10.00999997,7.14
1326265560,7.14,7.14,7.14,7.14,1.447178,10.33285092,7.14
1326265620,7.14,7.14,7.14,7.14,1.447178,10.33285092,7.14
1326265680,7.14,7.14,7.14,7.14,1.447178,10.33285092,7.14
1326265740,7.14,7.14,7.14,7.14,1.447178,10.33285092,7.14
1326265800,7.14,7.14,7.14,7.14,1.447178,10.33285092,7.14
1326265860,7.14,7.14,7.14,7.14,1.447178,10.33285092,7.14
1326265920,7.14,7.14,7.14,7.14,1.447178,10.33285092,7.14
1326265980,7.14,7.14,7.14,7.14,1.447178,10.33285092,7.14
1326266040,7.14,7.14,7.14,7.14,1.447178,10.33285092,7.14
1326266100,7.14,7.14,7.14,7.14,1.44927536,10.34782607,7.14
1326266160,7.14,7.14,7.14,7.14,1.44927536,10.34782607,7.14
1326266220,7.14,7.14,7.14,7.14,1.44927536,10.34782607,7.14
1326266340,7.14,7.14,7.14,7.14,1.44927536,10.34782607,7.14
1326266400,7.14,7.14,7.14,7.14,1.23712009,8.833037443,7.14
1326269520,6.25,6.25,6.25,6.25,10.15,63.4375,6.25
1326269580,6.25,6.25,6.25,6.25,0.85,5.3125,6.25
1326275160,7,7,7,7,1,7,7
1326285300,7.2,7.2,7.2,7.2,1,7.2,7.2
1326285360,7.2,7.2,7.2,7.2,1.41442716,10.18387555,7.2
1326285420,7.2,7.2,7.2,7.2,1.41442716,10.18387555,7.2
1326285480,7.2,7.2,7.2,7.2,1.41242938,10.16949154,7.2
1326285540,7.2,7.2,7.2,7.2,1.40449438,10.11235954,7.2
1326285660,7.2,7.2,7.2,7.2,1.40646976,10.12658227,7.2
1326285720,7.2,7.2,7.2,7.2,1.40646976,10.12658227,7.2
1326285780,7.2,7.2,7.2,7.2,1.41242938,10.16949154,7.2
1326285840,7.2,7.2,7.2,7.2,1.40646976,10.12658227,7.2
1326285900,7.2,7.2,7.2,7.2,1.40449438,10.11235954,7.2
1326285960,7.2,7.2,7.2,7.2,1.40449438,10.11235954,7.2
1326286020,7.2,7.2,7.2,7.2,1.40252454,10.09817669,7.2
1326286080,7.2,7.2,7.2,7.2,1.40252454,10.09817669,7.2
1326286140,7.2,7.2,7.2,7.2,1.40252454,10.09817669,7.2
1326286200,7.2,7.2,7.2,7.2,1.40449438,10.11235954,7.2
1326286260,7.2,7.2,7.2,7.2,1.40449438,10.11235954,7.2
1326286320,7.2,7.2,7.2,7.2,1.40646976,10.12658227,7.2
1326286440,7.2,7.2,7.2,7.2,1.40252454,10.09817669,7.2
1326286500,7.2,7.2,7.2,7.2,1.40252454,10.09817669,7.2
1326286560,7.2,7.2,7.2,7.2,1.41242938,10.16949154,7.2
1326286620,7.2,7.2,7.2,7.2,1.41242938,10.16949154,7.2
1326286680,7.2,7.2,7.2,7.2,1.41242938,10.16949154,7.2
1326286740,7.2,7.2,7.2,7.2,1.41242938,10.16949154,7.2
1326290280,7.21,7.21,7.21,7.21,3,21.63,7.21
1326290340,7.21,7.21,7.21,7.21,1.40646976,10.14064697,7.21
1326291900,7.22,7.33,7.22,7.33,12.92299,93.98725771,7.272872432
1326294120,6.9,6.9,6.9,6.9,1,6.9,6.9
1326307140,7,7,7,7,4.97428571,34.81999997,7
1326316320,7,7,7,7,8.02571429,56.18000003,7
1326316500,7,7,7,7,8.60428571,60.22999997,7
1326337440,6.95,6.95,6.95,6.95,8.8,61.16,6.95
1326363480,7.3,7.3,7.3,7.3,9.54109589,69.65,7.3
1326372780,7.3,7.3,7.3,7.3,0.45890411,3.350000003,7.3
1326375600,7.25,7.25,7.25,7.25,11.594178,84.0577905,7.25
1326375660,7.25,7.25,7.25,7.25,1.447178,10.4920405,7.25
1326375720,7.38,7.38,7.38,7.38,39.4,290.772,7.38
1326378120,7.36,7.36,7.36,7.36,5.99728261,44.14000001,7.36
1326378720,6.8,6.8,6.8,6.8,1,6.8,6.8
1326382260,6.7,6.7,6.7,6.7,1,6.7,6.7
1326382440,6.6,6.6,6.6,6.6,1,6.6,6.6
1326391080,7.35,7.35,7.35,7.35,1.0829932,7.96000002,7.35
1326391980,6.51,6.51,6.51,6.51,0.98,6.3798,6.51
1326420000,6.8,6.8,6.8,6.8,1,6.8,6.8
1326430500,6.7,6.7,6.7,6.7,1,6.7,6.7
1326456180,6.7,6.7,6.7,6.7,1.03880597,6.959999999,6.7
1326459780,6.7,6.7,6.7,6.7,0.84328358,5.649999986,6.7
1326460620,6.7,6.7,6.7,6.7,0.11791045,0.790000015,6.7
1326461640,6.99,6.99,6.99,6.99,2.11791045,14.80419405,6.99
1326461700,6.99,6.99,6.82,6.82,1.46627566,10.00281646,6.821920822
1326463380,7,7,7,7,1.51,10.57,7
1326463440,7,7.25,6.86,7.25,5.57496732,40.03659995,7.181495003
1326463500,7.25,7.35,7.25,7.35,2.79976543,20.49000005,7.318470265
1326463560,7.35,7.35,6.86,6.86,1.45772595,10.57829887,7.256713011
1326463620,7.36,7.36,7.36,7.36,1.08152174,7.960000006,7.36
1326464760,7,7,6.9,6.9,1.45560408,10.14366815,6.9687
1326464880,6.9,6.9,6.9,6.9,0.54439592,3.756331848,6.9
1326465060,6.9,6.9,6.9,6.9,1,6.9,6.9
1326474660,6.9,6.9,6.9,6.9,1.46627566,10.11730205,6.9
1326474720,6.9,6.9,6.9,6.9,1.46627566,10.11730205,6.9
1326474780,6.9,6.9,6.9,6.9,1.46627566,10.11730205,6.9
1326474900,6.9,6.9,6.9,6.9,1.46627566,10.11730205,6.9
1326474960,6.9,6.9,6.9,6.9,1.46627566,10.11730205,6.9
1326475020,6.9,6.9,6.9,6.9,1.46627566,10.11730205,6.9
1326475380,6.8,6.8,6.8,6.8,1,6.8,6.8
1326475440,6.76,6.9,6.76,6.9,0.821,5.597799408,6.818269681
1326484320,6.7,6.7,6.7,6.7,1,6.7,6.7
1326485100,7.25,7.25,7.25,7.25,5.91,42.8475,7.25
1326485160,7.25,7.25,7.25,7.25,1.48148148,10.74074073,7.25
1326485220,7.25,7.25,7.25,7.25,1.48148148,10.74074073,7.25
1326485280,7.25,7.25,7.25,7.25,1.47928994,10.72485207,7.25
1326485700,7.34,7.34,7.34,7.34,0.95231608,6.990000027,7.34
1326486720,7.34,7.34,7.34,7.34,1.04768392,7.689999973,7.34
1326486840,6.72,6.72,6.72,6.72,0.99107143,6.66000001,6.72
1326499020,6.6,6.6,6.6,6.6,1,6.6,6.6
1326501660,6.5,6.5,6.5,6.5,1.54083205,10.01540833,6.5
1326501780,6.5,6.5,6.5,6.5,1.54083205,10.01540833,6.5
1326502620,6.5,6.5,6.5,6.5,1.54559505,10.04636783,6.5
1326502740,6.5,6.5,6.5,6.5,4.74,30.81,6.5
1326503280,6.5,6.5,6.5,6.5,1.54320988,10.03086422,6.5
1326503340,6.5,6.5,6.4,6.4,1.68953097,10.88195131,6.440811976
1326573720,6.3,6.3,6.3,6.3,1,6.3,6.3
1326573780,6.3,6.3,6.3,6.3,1.5128593,9.53101359,6.3
1326573840,6.3,6.3,6.3,6.3,1.51057401,9.516616263,6.3
1326573900,6.3,6.3,6.3,6.3,0.21256669,1.339170147,6.3
1326623100,7.15,7.15,7.15,7.15,11.42450142,81.68518515,7.15
1326623220,7.15,7.15,7.15,7.15,1.42450142,10.18518515,7.15
1326623280,7.15,7.15,7.15,7.15,1.42450142,10.18518515,7.15
1326623340,7.15,7.15,7.15,7.15,1.42450142,10.18518515,7.15
1326623400,7.15,7.15,7.15,7.15,1.00129502,7.159259393,7.15
1326729000,6.2,6.2,6.2,6.2,1,6.2,6.2
1326729060,6.2,6.2,6.2,6.2,1.49925037,9.295352294,6.2
1326729120,6.2,6.2,6.2,6.2,0.90074963,5.584647706,6.2
1326735900,7.1,7.1,7.1,7.1,6,42.6,7.1
1326735960,7.1,7.1,7.1,7.1,1.43884892,10.21582733,7.1
1326736080,7.1,7.1,7.1,7.1,1.44300144,10.24531022,7.1
1326736140,7.1,7.1,7.1,7.1,0.36744541,2.608862411,7.1
1326801900,6.5,6.5,6.5,6.5,1,6.5,6.5
1326801960,6.5,6.5,6.5,6.5,1,6.5,6.5
1326809760,6.9,6.9,6.9,6.9,2,13.8,6.9
1326812640,6.9,6.9,6.9,6.9,7.24637681,49.99999999,6.9
1326839580,6.4,6.4,6.4,6.4,1,6.4,6.4
1326839640,6.3,6.3,6.2,6.2,1.62337662,10.16493504,6.2616
1326839700,6.2,6.2,6,6,1.77619893,10.83251826,6.098707793
1326839760,6,6,6,6,1.77619893,10.65719358,6
1326839880,6,6,6,6,1.9047619,11.4285714,6
1326839940,6,6,6,6,1.9047619,11.4285714,6
1326840000,6,6,6,6,2.01612903,12.09677418,6
1326840060,6,6,6,6,1.94552529,11.67315174,6
1326840120,6,6,6,6,1.90839695,11.4503817,6
1326840180,6,6,6,6,1.85873606,11.15241636,6
1326840240,6,6,6,6,1.7921147,10.7526882,6
1326840300,6,6,6,6,1.7699115,10.619469,6
1326840360,6,6,6,6,1.73913043,10.43478258,6
1326840420,6,6,6,6,1.73913043,10.43478258,6
1326840480,6,6,6,6,1.73913043,10.43478258,6
1326840540,6,6,6,6,1.73913043,10.43478258,6
1326840660,6,6,6,6,1.0849979,6.5099874,6
1326840960,6,6,6,6,4.15,24.9,6
1326841140,6,6,6,6,15.53236857,93.19421142,6
1326841320,6,6,6,6,20.26763143,121.6057886,6
1326849300,5.99,5.99,5.99,5.99,1.63132137,9.771615006,5.99
1326849360,5.99,5.99,5.99,5.99,1.62074554,9.708265785,5.99
1326849420,5.99,5.99,5.99,5.99,1.62074554,9.708265785,5.99
1326849480,5.99,5.99,5.99,5.99,1.62074554,9.708265785,5.99
1326849600,5.99,5.99,5.99,5.99,1.62074554,9.708265785,5.99
1326849660,5.99,5.99,5.99,5.99,1.63934426,9.819672117,5.99
1326849720,5.99,5.99,5.99,5.99,1.63132137,9.771615006,5.99
1326849780,5.99,5.99,5.99,5.99,1.63934426,9.819672117,5.99
1326849840,5.99,5.99,5.99,5.99,1.57232704,9.41823897,5.99
1326849900,5.99,5.99,5.99,5.99,1.57480314,9.433070809,5.99
1326849960,5.99,5.99,5.99,5.99,1.57480314,9.433070809,5.99
1326850020,5.99,5.99,5.99,5.99,17.6618977,105.7947672,5.99
1326850080,5.99,5.99,5.99,5.99,1.61550888,9.676898191,5.99
1326850140,5.99,5.99,5.99,5.99,12.97634668,77.72831661,5.99
1326850200,6.01,6.01,6.01,6.01,2,12.02,6.01
1326850260,6.02,6.3,6.02,6.3,31.36321461,191.5384072,6.107103802
1326857400,6.1,6.1,6.02,6.02,1.67785235,10.18067115,6.06768
1326857580,6.02,6.02,6.02,6.02,0.89943471,5.414596954,6.02
1326875280,6.5,6.5,6.5,6.5,8.59249946,55.85124649,6.5
1326875340,6.5,6.5,6.5,6.5,1.63132137,10.60358891,6.5
1326875400,6.5,6.5,6.5,6.5,1.64473684,10.69078946,6.5
1326875460,6.5,6.5,6.5,6.5,1.63132137,10.60358891,6.5
1326875580,6.5,6.5,6.5,6.5,1.63398693,10.62091505,6.5
1326875640,6.5,6.5,6.5,6.5,1.63132137,10.60358891,6.5
1326875700,6.5,6.5,6.5,6.5,1.63132137,10.60358891,6.5
1326875760,6.5,6.5,6.5,6.5,1.63132137,10.60358891,6.5
1326875820,6.5,6.5,6.5,6.5,1.63132137,10.60358891,6.5
1326875880,6.5,6.5,6.5,6.5,1.63398693,10.62091505,6.5
1326875940,6.5,6.5,6.5,6.5,1.63132137,10.60358891,6.5
1326876000,6.5,6.5,6.5,6.5,1.63132137,10.60358891,6.5
1326876060,6.5,6.5,6.5,6.5,1.63398693,10.62091505,6.5
1326876120,6.5,6.5,6.5,6.5,0.31558915,2.051329475,6.5
1326877020,6.5,6.5,6.5,6.5,1.57728706,10.25236589,6.5
1326893160,6,6,6,6,12,72,6
1326897600,6,6,6,6,3.42362319,20.54173914,6
1326898080,7.1,7.1,7.1,7.1,2,14.2,7.1
1326953520,5.52,5.52,5.52,5.52,2,11.04,5.52
1326966660,7,7,7,7,4.52,31.64,7
1326967560,6.19,6.19,6.19,6.19,30,185.7,6.19
1326967620,6.19,6.19,6.19,6.19,27.1734234,168.2034909,6.19
1326970860,6.09,6.09,6.09,6.09,29.76844088,181.289805,6.09
1326993120,7,7,7,7,18.90428571,132.33,7
1326997680,6.15,6.15,6.15,6.15,22.59501748,138.9593575,6.15
1326997740,6.15,6.15,6.15,6.15,12.504817,76.90462455,6.15
1326997800,6.01,6.01,6.01,6.01,6,36.06,6.01
1326997860,6.01,6.01,6.01,6.01,5,30.05,6.01
1327000860,6.07,6.07,6.07,6.07,11.504817,69.83423919,6.07
1327015260,6.28,6.28,6.28,6.28,19,119.32,6.28
1327015380,6.28,6.28,6.28,6.28,28.59501748,179.5767098,6.28
1327015500,6.22,6.22,6.22,6.22,29.15,181.313,6.22
1327045320,6.9,6.9,6.9,6.9,1.0388866,7.16831754,6.9
1327057260,6.9,6.9,6.9,6.9,2.65966412,18.35168243,6.9
1327057440,6.9,6.9,6.9,6.9,0.51279965,3.538317585,6.9
1327059300,6.9,6.9,6.9,6.9,22.4024264,154.5767422,6.9
1327059360,6.9,6.9,6.9,6.9,10,69,6.9
1327059420,6.85,6.85,6.85,6.85,20,137,6.85
1327063080,6.55,6.55,6.55,6.55,26,170.3,6.55
1327063140,6.55,6.55,6.55,6.55,11.39565621,74.64154818,6.55
1327073520,6.95,6.95,6.95,6.95,0.31506415,2.189695843,6.95
1327073580,6.95,6.95,6.95,6.95,1.5015015,10.43543543,6.95
1327176180,6.3,6.3,6.3,6.3,14.60434379,92.00736588,6.3
1327176240,6.3,6.3,6.3,6.3,26.65359569,167.9176529,6.3
1327179300,6.28,6.28,6.28,6.28,15,94.2,6.28
1327180140,6.28,6.28,6.28,6.28,24.83260449,155.9487562,6.28
1327182060,6.77,6.77,6.77,6.77,0.32330844,2.188798139,6.77
1327218120,6.79,6.79,6.79,6.79,0.32236107,2.188831665,6.79
1327218180,6.79,6.79,6.79,6.79,1.56739812,10.64263324,6.79
1327218720,6.28,6.28,6.28,6.28,25.721049,161.5281877,6.28
1327242180,6.28,6.28,6.28,6.28,0.16,1.0048,6.28
1327244520,6.09,6.09,6.09,6.09,25.721049,156.6411884,6.09
1327244580,6.03,6.03,6.03,6.03,25.381006,153.0474662,6.03
1327247400,6.83,6.83,6.83,6.83,1.74816984,11.94000001,6.83
1327265700,6.79,6.79,6.79,6.79,0.65,4.4135,6.79
1327311300,6.5,6.5,6.5,6.5,0.37384615,2.429999975,6.5
1327316280,6.4,6.4,6.4,6.4,0.3625,2.32,6.4
1327319880,6,6,6,6,0.35,2.1,6
1327331520,6.35,6.35,6.35,6.35,37.19338388,236.1779876,6.35
1327332000,6.35,6.35,6.35,6.35,7.68744388,48.81526864,6.35
1327332060,6.35,6.35,6.35,6.35,10.7465498,68.24059123,6.35
1327334880,6.4,6.4,6.4,6.4,4.6375,29.68,6.4
1327335120,6.5,6.5,6.5,6.5,6.88769231,44.77000002,6.5
1327336380,6.5,6.5,6.5,6.5,0.42769231,2.780000015,6.5
1327340040,6.5,6.5,6.5,6.5,0.31076923,2.019999995,6.5
1327340520,6.52,6.52,6.52,6.52,1.52607362,9.950000002,6.52
1327342740,6.52,6.52,6.52,6.52,24.41717791,159.2,6.52
1327371660,6.52,6.52,6.52,6.52,0.70705521,4.609999969,6.52
1327392240,6,6,6,6,6,36,6
1327395300,6.5,6.5,6.5,6.5,8,52,6.5
1327398300,6.5,6.5,6.5,6.5,1.54798762,10.06191953,6.5
1327398420,6.5,6.5,6.5,6.5,1.54083205,10.01540833,6.5
1327398780,6.55,6.55,6.55,6.55,0.59847328,3.919999984,6.55
1327401960,6.28,6.28,6.28,6.28,20.7465498,130.2883327,6.28
1327405800,6.55,6.55,6.55,6.55,6.40152672,41.93000002,6.55
1327405860,6.55,6.55,6.55,6.55,1.55279503,10.17080745,6.55
1327405920,6.55,6.55,6.55,6.55,1.17701,7.7094155,6.55
1327419060,6.57,6.57,6.57,6.57,22,144.54,6.57
1327419840,6.55,6.55,6.55,6.55,2.68744388,17.60275741,6.55
1327429260,6.55,6.55,6.55,6.55,5,32.75,6.55
1327430400,6.55,6.55,6.55,6.55,1.53609831,10.06144393,6.55
1327430460,6.55,6.55,6.55,6.55,1.53609831,10.06144393,6.55
1327430520,6.55,6.55,6.55,6.55,1.53609831,10.06144393,6.55
1327430580,6.55,6.55,6.55,6.55,1.53609831,10.06144393,6.55
1327430640,6.55,6.55,6.55,6.55,1.34217464,8.791243892,6.55
1327482180,6.26,6.26,6.26,6.26,30,187.8,6.26
1327490640,6.84,6.84,6.84,6.84,1.44030621,9.851694476,6.84
1327490700,6.84,6.84,6.84,6.84,1.5625,10.6875,6.84
1327490760,6.84,6.84,6.84,6.84,1.5625,10.6875,6.84
1327490820,6.84,6.84,6.84,6.84,1.5625,10.6875,6.84
1327490880,6.84,6.84,6.84,6.84,1.5625,10.6875,6.84
1327490940,6.84,6.84,6.84,6.84,1.26343212,8.641875701,6.84
1327491180,6.85,6.85,6.85,6.85,0.31951807,2.188698779,6.85
1327491240,6.86,6.86,6.86,6.86,1.3,8.918,6.86
1327491300,6.86,6.86,6.86,6.86,0.6,4.116,6.86
1327496400,6.85,6.85,6.85,6.85,0.5,3.425,6.85
1327515600,6.09,6.09,6.09,6.09,1.68350168,10.25252523,6.09
1327515660,6.09,6.09,6.09,6.09,1.68634064,10.2698145,6.09
1327515780,6.09,6.09,6.09,6.09,1.68634064,10.2698145,6.09
1327515840,6.09,6.09,6.09,6.09,1.69491525,10.32203387,6.09
1327515900,6.09,6.09,6.09,6.09,1.69491525,10.32203387,6.09
1327515960,6.09,6.09,6.09,6.09,1.69491525,10.32203387,6.09
1327516020,6.09,6.09,6.09,6.09,1.70357751,10.37478704,6.09
1327516080,6.09,6.09,6.09,6.09,1.69491525,10.32203387,6.09
1327516140,6.09,6.09,6.09,6.09,1.69491525,10.32203387,6.09
1327516200,6.09,6.09,6,6,1.69491525,10.2744012,6.06189672
1327516260,6,6,6,6,1.71232877,10.27397262,6
1327516320,6,6,6,6,1.70940171,10.25641026,6
1327516440,6,6,6,6,1.71232877,10.27397262,6
1327516500,6,6,6,6,1.71232877,10.27397262,6
1327516560,6,6,6,6,1.72413793,10.34482758,6
1327516620,6,6,6,6,1.72413793,10.34482758,6
1327516740,6,6,6,6,1.72413793,10.34482758,6
1327516800,6,6,6,6,1.72413793,10.34482758,6
1327516860,6,6,6,6,1.72413793,10.34482758,6
1327516920,6,6,6,6,1.72413793,10.34482758,6
1327516980,6,6,6,6,1.71821306,10.30927836,6
1327517040,6,6,6,6,1.68067227,10.08403362,6
1327517160,6,6,6,6,1.5306471,9.1838826,6
1327527060,6.31,6.31,6.31,6.31,0.2,1.262,6.31
1327527420,6.31,6.31,6.31,6.31,0.2,1.262,6.31
1327588380,6.27,6.27,6.27,6.27,0.69803068,4.376652364,6.27
1327588440,6.27,6.27,6.27,6.27,1.71526587,10.75471701,6.27
1327588500,6.27,6.27,6.27,6.27,1.71526587,10.75471701,6.27
1327588560,6.27,6.27,6.27,6.27,1.71526587,10.75471701,6.27
1327588620,6.27,6.27,6.27,6.27,1.73010381,10.84775089,6.27
1327588680,6.27,6.27,6.27,6.27,1.71526587,10.75471701,6.27
1327588740,6.27,6.27,6.27,6.27,1.71526587,10.75471701,6.27
1327588800,6.27,6.27,6.27,6.27,1.71526587,10.75471701,6.27
1327588920,6.27,6.27,6.27,6.27,1.71526587,10.75471701,6.27
1327588980,6.27,6.27,6.27,6.27,1.5730351,9.862930077,6.27
1327589820,6.27,6.27,6.27,6.27,0.35093105,2.200337684,6.27
1327613340,5.91,5.91,5.91,5.91,8,47.28,5.91
1327613580,6.08,6.08,6.08,6.08,0.36010885,2.189461808,6.08
1327613640,6.14,6.3,6.14,6.3,4,25.14187482,6.285468705
1327614000,6.2,6.2,6.2,6.2,0.2,1.24,6.2
1327618980,5.5,5.5,5.5,5.5,1,5.5,5.5
1327629480,3.8,3.8,3.8,3.8,0.27,1.026,3.8
1327629540,6.03,6.03,6.03,6.03,0.29684909,1.790000013,6.03
1327662240,5,5,5,5,1.94174757,9.70873785,5
1327662300,5,5,5,5,0.62025243,3.10126215,5
1327670640,5.74,5.74,5.74,5.74,6.84842884,39.30998154,5.74
1327670700,5.74,5.74,5.74,5.74,4.84842884,27.82998154,5.74
1327670760,5.74,5.74,5.74,5.74,3.84501845,22.0704059,5.74
1327670820,5.74,5.74,5.74,5.74,27.32120893,156.8237393,5.74
1327670880,5.74,5.74,5.74,5.74,2.84501845,16.3304059,5.74
1327670940,5.74,5.74,5.74,5.74,1.84501845,10.5904059,5.74
1327671000,5.74,5.74,5.74,5.74,1.84501845,10.5904059,5.74
1327671120,5.74,5.74,5.74,5.74,1.84842884,10.60998154,5.74
1327671180,5.74,5.74,5.74,5.74,1.84842884,10.60998154,5.74
1327671240,5.74,5.74,5.74,5.74,1.84842884,10.60998154,5.74
1327671300,5.74,5.74,5.74,5.74,1.84842884,10.60998154,5.74
1327671360,5.74,5.74,5.74,5.74,1.84842884,10.60998154,5.74
1327671420,5.74,5.74,5.74,5.74,1.84842884,10.60998154,5.74
1327671480,5.74,5.74,5.74,5.74,1.84842884,10.60998154,5.74
1327671540,5.74,5.74,5.74,5.74,1.84842884,10.60998154,5.74
1327671600,5.74,5.74,5.74,5.74,1.84842884,10.60998154,5.74
1327671660,5.74,5.74,5.74,5.74,1.84842884,10.60998154,5.74
1327672980,5.81,5.81,5.81,5.81,3,17.43,5.81
1327673040,5.81,5.81,5.81,5.81,1.84501845,10.7195572,5.81
1327673100,5.81,5.81,5.81,5.81,1.84501845,10.7195572,5.81
1327673160,5.81,5.81,5.81,5.81,1.85873606,10.79925651,5.81
1327680240,5.83,5.83,5.83,5.83,2.3777832,13.86247606,5.83
1327680720,5.88,5.88,5.88,5.88,1.14215881,6.715893803,5.88
1327680840,5.88,5.88,5.88,5.88,9,52.92,5.88
1327723440,4.91,4.91,4.91,4.91,0.25,1.2275,4.91
1327806840,5.89,5.89,5.89,5.89,0.16808149,0.989999976,5.89
1327811160,5.89,5.89,5.89,5.89,1.14439206,6.740469233,5.89
1327811460,5.9,5.9,5.9,5.9,0.54237288,3.199999992,5.9
1327863960,5.3,5.3,5.3,5.3,2.6,13.78,5.3
1327878420,5.5,5.5,5.5,5.5,5,27.5,5.5
1327927200,5.3,5.3,5.3,5.3,2.4,12.72,5.3
1327937220,5.58,5.58,5.58,5.58,7.79569892,43.49999997,5.58
1327944420,5.58,5.58,5.58,5.58,2.20430108,12.30000003,5.58
1327945260,5.58,5.58,5.58,5.58,2,11.16,5.58
1327945440,5.58,5.58,5.58,5.58,0.19,1.0602,5.58
1327945620,5.58,5.58,5.58,5.58,0.19,1.0602,5.58
1327953180,5.58,5.58,5.58,5.58,0.19,1.0602,5.58
1327953240,5.58,5.58,5.58,5.58,0.19,1.0602,5.58
1327988580,5.7,5.7,5.7,5.7,2,11.4,5.7
1327997700,5.58,5.58,5.58,5.58,0.38,2.1204,5.58
1327997760,5.58,5.58,5.58,5.58,0.76,4.2408,5.58
1327997820,5.58,5.58,5.58,5.58,0.38,2.1204,5.58
1327997880,5.58,5.58,5.58,5.58,0.76,4.2408,5.58
1327997940,5.58,5.58,5.58,5.58,0.76,4.2408,5.58
1327998000,5.58,5.58,5.58,5.58,0.57,3.1806,5.58
1327998060,5.58,5.58,5.58,5.58,2.36533214,13.19855334,5.58
1327998120,5.58,5.58,5.58,5.58,0.38,2.1204,5.58
1327998180,5.58,5.58,5.58,5.58,0.38,2.1204,5.58
1327998240,5.58,5.58,5.58,5.58,0.38,2.1204,5.58
1327998300,5.58,5.58,5.58,5.58,0.57,3.1806,5.58
1327998360,5.58,5.58,5.58,5.58,0.57,3.1806,5.58
1327998420,5.58,5.58,5.58,5.58,0.38,2.1204,5.58
1327998480,5.58,5.58,5.58,5.58,0.57,3.1806,5.58
1327998540,5.58,5.58,5.58,5.58,0.57,3.1806,5.58
1327998600,5.58,5.58,5.58,5.58,0.38,2.1204,5.58
1327998660,5.58,5.58,5.58,5.58,0.38,2.1204,5.58
1327998720,5.58,5.58,5.58,5.58,0.57,3.1806,5.58
1327998780,5.58,5.58,5.58,5.58,0.38,2.1204,5.58
1327998840,5.58,5.58,5.58,5.58,0.38,2.1204,5.58
1327998900,5.58,5.58,5.58,5.58,0.38,2.1204,5.58
1327998960,5.58,5.58,5.58,5.58,0.38,2.1204,5.58
1327999020,5.58,5.58,5.58,5.58,0.38,2.1204,5.58
1327999080,5.58,5.58,5.58,5.58,0.57,3.1806,5.58
1327999140,5.58,5.58,5.58,5.58,0.57,3.1806,5.58
1327999200,5.58,5.58,5.58,5.58,0.19,1.0602,5.58
1327999980,5.58,5.58,5.58,5.58,1.79533214,10.01795334,5.58
1328000040,5.58,5.58,5.58,5.58,1.79533214,10.01795334,5.58
1328018520,5.85,5.85,5.85,5.85,0.94188034,5.509999989,5.85
1328021400,5.85,5.85,5.85,5.85,13.41880342,78.50000001,5.85
1328025360,5.85,5.85,5.85,5.85,15.65641026,91.59000002,5.85
1328031420,5.85,5.85,5.85,5.85,7.16682598,41.92593198,5.85
1328031480,5.9,6,5.69,6,15.87067027,93.61053176,5.898335116
1328031540,6.01,6.17,5.69,6.17,24.72121364,150.5200451,6.08869966
1328031600,6.17,6.22,6.17,6.22,5.58653301,34.62996231,6.198828906
1328035440,6,6,6,6,0.55,3.3,6
